<?xml version="1.0"?>
<hark_xml version="1.3">
    <config>
        <comment>Generated by HARKTOOL5-GUI</comment>
        <SynchronousAverage>16</SynchronousAverage>
        <TSPpath>/usr/share/hark/16384.little_endian.wav</TSPpath>
        <TSPOffset>16384</TSPOffset>
        <PeakSearch from="0" to="0"/>
        <nfft>512</nfft>
        <samplingRate>16000</samplingRate>
        <signalMax>32768</signalMax>
        <TSPLength>16384</TSPLength>
    </config>
    <positions type="tsp" coordinate="cartesian">
        <position x="0.5000" y="0.0000" z="0.0000" id="0" path="/home/jd/filename_D0.0_H0.0_R0.5.wav"/>
        <position x="0.4830" y="0.1294" z="0.0000" id="1" path="/home/jd/filename_D15.0_H0.0_R0.5.wav"/>
        <position x="0.4330" y="0.2500" z="0.0000" id="2" path="/home/jd/filename_D30.0_H0.0_R0.5.wav"/>
        <position x="0.3536" y="0.3536" z="0.0000" id="3" path="/home/jd/filename_D45.0_H0.0_R0.5.wav"/>
        <position x="0.2500" y="0.4330" z="0.0000" id="4" path="/home/jd/filename_D60.0_H0.0_R0.5.wav"/>
        <position x="0.1294" y="0.4830" z="0.0000" id="5" path="/home/jd/filename_D75.0_H0.0_R0.5.wav"/>
        <position x="0.0000" y="0.5000" z="0.0000" id="6" path="/home/jd/filename_D90.0_H0.0_R0.5.wav"/>
        <position x="-0.1294" y="0.4830" z="0.0000" id="7" path="/home/jd/filename_D105.0_H0.0_R0.5.wav"/>
        <position x="-0.2500" y="0.4330" z="0.0000" id="8" path="/home/jd/filename_D120.0_H0.0_R0.5.wav"/>
        <position x="-0.3536" y="0.3536" z="0.0000" id="9" path="/home/jd/filename_D135.0_H0.0_R0.5.wav"/>
        <position x="-0.4330" y="0.2500" z="0.0000" id="10" path="/home/jd/filename_D150.0_H0.0_R0.5.wav"/>
        <position x="-0.4830" y="0.1294" z="0.0000" id="11" path="/home/jd/filename_D165.0_H0.0_R0.5.wav"/>
        <position x="-0.5000" y="0.0000" z="0.0000" id="12" path="/home/jd/filename_D180.0_H0.0_R0.5.wav"/>
        <position x="-0.4830" y="-0.1294" z="0.0000" id="13" path="/home/jd/filename_D195.0_H0.0_R0.5.wav"/>
        <position x="-0.4330" y="-0.2500" z="0.0000" id="14" path="/home/jd/filename_D210.0_H0.0_R0.5.wav"/>
        <position x="-0.3536" y="-0.3536" z="0.0000" id="15" path="/home/jd/filename_D225.0_H0.0_R0.5.wav"/>
        <position x="-0.2500" y="-0.4330" z="0.0000" id="16" path="/home/jd/filename_D240.0_H0.0_R0.5.wav"/>
        <position x="-0.1294" y="-0.4830" z="0.0000" id="17" path="/home/jd/filename_D255.0_H0.0_R0.5.wav"/>
        <position x="0.0000" y="-0.5000" z="0.0000" id="18" path="/home/jd/filename_D270.0_H0.0_R0.5.wav"/>
        <position x="0.1294" y="-0.4830" z="0.0000" id="19" path="/home/jd/filename_D285.0_H0.0_R0.5.wav"/>
        <position x="0.2500" y="-0.4330" z="0.0000" id="20" path="/home/jd/filename_D300.0_H0.0_R0.5.wav"/>
        <position x="0.3536" y="-0.3536" z="0.0000" id="21" path="/home/jd/filename_D315.0_H0.0_R0.5.wav"/>
        <position x="0.4330" y="-0.2500" z="0.0000" id="22" path="/home/jd/filename_D330.0_H0.0_R0.5.wav"/>
        <position x="0.4830" y="-0.1294" z="0.0000" id="23" path="/home/jd/filename_D345.0_H0.0_R0.5.wav"/>
        <position x="0.5000" y="0.0000" z="0.5000" id="24" path="/home/jd/filename_D0.0_H500.0_R0.5.wav"/>
        <position x="0.4830" y="0.1294" z="0.5000" id="25" path="/home/jd/filename_D15.0_H500.0_R0.5.wav"/>
        <position x="0.4330" y="0.2500" z="0.5000" id="26" path="/home/jd/filename_D30.0_H500.0_R0.5.wav"/>
        <position x="0.3536" y="0.3536" z="0.5000" id="27" path="/home/jd/filename_D45.0_H500.0_R0.5.wav"/>
        <position x="0.2500" y="0.4330" z="0.5000" id="28" path="/home/jd/filename_D60.0_H500.0_R0.5.wav"/>
        <position x="0.1294" y="0.4830" z="0.5000" id="29" path="/home/jd/filename_D75.0_H500.0_R0.5.wav"/>
        <position x="0.0000" y="0.5000" z="0.5000" id="30" path="/home/jd/filename_D90.0_H500.0_R0.5.wav"/>
        <position x="-0.1294" y="0.4830" z="0.5000" id="31" path="/home/jd/filename_D105.0_H500.0_R0.5.wav"/>
        <position x="-0.2500" y="0.4330" z="0.5000" id="32" path="/home/jd/filename_D120.0_H500.0_R0.5.wav"/>
        <position x="-0.3536" y="0.3536" z="0.5000" id="33" path="/home/jd/filename_D135.0_H500.0_R0.5.wav"/>
        <position x="-0.4330" y="0.2500" z="0.5000" id="34" path="/home/jd/filename_D150.0_H500.0_R0.5.wav"/>
        <position x="-0.4830" y="0.1294" z="0.5000" id="35" path="/home/jd/filename_D165.0_H500.0_R0.5.wav"/>
        <position x="-0.5000" y="0.0000" z="0.5000" id="36" path="/home/jd/filename_D180.0_H500.0_R0.5.wav"/>
        <position x="-0.4830" y="-0.1294" z="0.5000" id="37" path="/home/jd/filename_D195.0_H500.0_R0.5.wav"/>
        <position x="-0.4330" y="-0.2500" z="0.5000" id="38" path="/home/jd/filename_D210.0_H500.0_R0.5.wav"/>
        <position x="-0.3536" y="-0.3536" z="0.5000" id="39" path="/home/jd/filename_D225.0_H500.0_R0.5.wav"/>
        <position x="-0.2500" y="-0.4330" z="0.5000" id="40" path="/home/jd/filename_D240.0_H500.0_R0.5.wav"/>
        <position x="-0.1294" y="-0.4830" z="0.5000" id="41" path="/home/jd/filename_D255.0_H500.0_R0.5.wav"/>
        <position x="0.0000" y="-0.5000" z="0.5000" id="42" path="/home/jd/filename_D270.0_H500.0_R0.5.wav"/>
        <position x="0.1294" y="-0.4830" z="0.5000" id="43" path="/home/jd/filename_D285.0_H500.0_R0.5.wav"/>
        <position x="0.2500" y="-0.4330" z="0.5000" id="44" path="/home/jd/filename_D300.0_H500.0_R0.5.wav"/>
        <position x="0.3536" y="-0.3536" z="0.5000" id="45" path="/home/jd/filename_D315.0_H500.0_R0.5.wav"/>
        <position x="0.4330" y="-0.2500" z="0.5000" id="46" path="/home/jd/filename_D330.0_H500.0_R0.5.wav"/>
        <position x="0.4830" y="-0.1294" z="0.5000" id="47" path="/home/jd/filename_D345.0_H500.0_R0.5.wav"/>
        <position x="0.5000" y="0.0000" z="1.0000" id="48" path="/home/jd/filename_D0.0_H1000.0_R0.5.wav"/>
        <position x="0.4830" y="0.1294" z="1.0000" id="49" path="/home/jd/filename_D15.0_H1000.0_R0.5.wav"/>
        <position x="0.4330" y="0.2500" z="1.0000" id="50" path="/home/jd/filename_D30.0_H1000.0_R0.5.wav"/>
        <position x="0.3536" y="0.3536" z="1.0000" id="51" path="/home/jd/filename_D45.0_H1000.0_R0.5.wav"/>
        <position x="0.2500" y="0.4330" z="1.0000" id="52" path="/home/jd/filename_D60.0_H1000.0_R0.5.wav"/>
        <position x="0.1294" y="0.4830" z="1.0000" id="53" path="/home/jd/filename_D75.0_H1000.0_R0.5.wav"/>
        <position x="0.0000" y="0.5000" z="1.0000" id="54" path="/home/jd/filename_D90.0_H1000.0_R0.5.wav"/>
        <position x="-0.1294" y="0.4830" z="1.0000" id="55" path="/home/jd/filename_D105.0_H1000.0_R0.5.wav"/>
        <position x="-0.2500" y="0.4330" z="1.0000" id="56" path="/home/jd/filename_D120.0_H1000.0_R0.5.wav"/>
        <position x="-0.3536" y="0.3536" z="1.0000" id="57" path="/home/jd/filename_D135.0_H1000.0_R0.5.wav"/>
        <position x="-0.4330" y="0.2500" z="1.0000" id="58" path="/home/jd/filename_D150.0_H1000.0_R0.5.wav"/>
        <position x="-0.4830" y="0.1294" z="1.0000" id="59" path="/home/jd/filename_D165.0_H1000.0_R0.5.wav"/>
        <position x="-0.5000" y="0.0000" z="1.0000" id="60" path="/home/jd/filename_D180.0_H1000.0_R0.5.wav"/>
        <position x="-0.4830" y="-0.1294" z="1.0000" id="61" path="/home/jd/filename_D195.0_H1000.0_R0.5.wav"/>
        <position x="-0.4330" y="-0.2500" z="1.0000" id="62" path="/home/jd/filename_D210.0_H1000.0_R0.5.wav"/>
        <position x="-0.3536" y="-0.3536" z="1.0000" id="63" path="/home/jd/filename_D225.0_H1000.0_R0.5.wav"/>
        <position x="-0.2500" y="-0.4330" z="1.0000" id="64" path="/home/jd/filename_D240.0_H1000.0_R0.5.wav"/>
        <position x="-0.1294" y="-0.4830" z="1.0000" id="65" path="/home/jd/filename_D255.0_H1000.0_R0.5.wav"/>
        <position x="0.0000" y="-0.5000" z="1.0000" id="66" path="/home/jd/filename_D270.0_H1000.0_R0.5.wav"/>
        <position x="0.1294" y="-0.4830" z="1.0000" id="67" path="/home/jd/filename_D285.0_H1000.0_R0.5.wav"/>
        <position x="0.2500" y="-0.4330" z="1.0000" id="68" path="/home/jd/filename_D300.0_H1000.0_R0.5.wav"/>
        <position x="0.3536" y="-0.3536" z="1.0000" id="69" path="/home/jd/filename_D315.0_H1000.0_R0.5.wav"/>
        <position x="0.4330" y="-0.2500" z="1.0000" id="70" path="/home/jd/filename_D330.0_H1000.0_R0.5.wav"/>
        <position x="0.4830" y="-0.1294" z="1.0000" id="71" path="/home/jd/filename_D345.0_H1000.0_R0.5.wav"/>
        <position x="1.0000" y="0.0000" z="0.0000" id="72" path="/home/jd/filename_D0.0_H0.0_R1.0.wav"/>
        <position x="0.9659" y="0.2588" z="0.0000" id="73" path="/home/jd/filename_D15.0_H0.0_R1.0.wav"/>
        <position x="0.8660" y="0.5000" z="0.0000" id="74" path="/home/jd/filename_D30.0_H0.0_R1.0.wav"/>
        <position x="0.7071" y="0.7071" z="0.0000" id="75" path="/home/jd/filename_D45.0_H0.0_R1.0.wav"/>
        <position x="0.5000" y="0.8660" z="0.0000" id="76" path="/home/jd/filename_D60.0_H0.0_R1.0.wav"/>
        <position x="0.2588" y="0.9659" z="0.0000" id="77" path="/home/jd/filename_D75.0_H0.0_R1.0.wav"/>
        <position x="0.0000" y="1.0000" z="0.0000" id="78" path="/home/jd/filename_D90.0_H0.0_R1.0.wav"/>
        <position x="-0.2588" y="0.9659" z="0.0000" id="79" path="/home/jd/filename_D105.0_H0.0_R1.0.wav"/>
        <position x="-0.5000" y="0.8660" z="0.0000" id="80" path="/home/jd/filename_D120.0_H0.0_R1.0.wav"/>
        <position x="-0.7071" y="0.7071" z="0.0000" id="81" path="/home/jd/filename_D135.0_H0.0_R1.0.wav"/>
        <position x="-0.8660" y="0.5000" z="0.0000" id="82" path="/home/jd/filename_D150.0_H0.0_R1.0.wav"/>
        <position x="-0.9659" y="0.2588" z="0.0000" id="83" path="/home/jd/filename_D165.0_H0.0_R1.0.wav"/>
        <position x="-1.0000" y="0.0000" z="0.0000" id="84" path="/home/jd/filename_D180.0_H0.0_R1.0.wav"/>
        <position x="-0.9659" y="-0.2588" z="0.0000" id="85" path="/home/jd/filename_D195.0_H0.0_R1.0.wav"/>
        <position x="-0.8660" y="-0.5000" z="0.0000" id="86" path="/home/jd/filename_D210.0_H0.0_R1.0.wav"/>
        <position x="-0.7071" y="-0.7071" z="0.0000" id="87" path="/home/jd/filename_D225.0_H0.0_R1.0.wav"/>
        <position x="-0.5000" y="-0.8660" z="0.0000" id="88" path="/home/jd/filename_D240.0_H0.0_R1.0.wav"/>
        <position x="-0.2588" y="-0.9659" z="0.0000" id="89" path="/home/jd/filename_D255.0_H0.0_R1.0.wav"/>
        <position x="0.0000" y="-1.0000" z="0.0000" id="90" path="/home/jd/filename_D270.0_H0.0_R1.0.wav"/>
        <position x="0.2588" y="-0.9659" z="0.0000" id="91" path="/home/jd/filename_D285.0_H0.0_R1.0.wav"/>
        <position x="0.5000" y="-0.8660" z="0.0000" id="92" path="/home/jd/filename_D300.0_H0.0_R1.0.wav"/>
        <position x="0.7071" y="-0.7071" z="0.0000" id="93" path="/home/jd/filename_D315.0_H0.0_R1.0.wav"/>
        <position x="0.8660" y="-0.5000" z="0.0000" id="94" path="/home/jd/filename_D330.0_H0.0_R1.0.wav"/>
        <position x="0.9659" y="-0.2588" z="0.0000" id="95" path="/home/jd/filename_D345.0_H0.0_R1.0.wav"/>
        <position x="1.0000" y="0.0000" z="0.5000" id="96" path="/home/jd/filename_D0.0_H500.0_R1.0.wav"/>
        <position x="0.9659" y="0.2588" z="0.5000" id="97" path="/home/jd/filename_D15.0_H500.0_R1.0.wav"/>
        <position x="0.8660" y="0.5000" z="0.5000" id="98" path="/home/jd/filename_D30.0_H500.0_R1.0.wav"/>
        <position x="0.7071" y="0.7071" z="0.5000" id="99" path="/home/jd/filename_D45.0_H500.0_R1.0.wav"/>
        <position x="0.5000" y="0.8660" z="0.5000" id="100" path="/home/jd/filename_D60.0_H500.0_R1.0.wav"/>
        <position x="0.2588" y="0.9659" z="0.5000" id="101" path="/home/jd/filename_D75.0_H500.0_R1.0.wav"/>
        <position x="0.0000" y="1.0000" z="0.5000" id="102" path="/home/jd/filename_D90.0_H500.0_R1.0.wav"/>
        <position x="-0.2588" y="0.9659" z="0.5000" id="103" path="/home/jd/filename_D105.0_H500.0_R1.0.wav"/>
        <position x="-0.5000" y="0.8660" z="0.5000" id="104" path="/home/jd/filename_D120.0_H500.0_R1.0.wav"/>
        <position x="-0.7071" y="0.7071" z="0.5000" id="105" path="/home/jd/filename_D135.0_H500.0_R1.0.wav"/>
        <position x="-0.8660" y="0.5000" z="0.5000" id="106" path="/home/jd/filename_D150.0_H500.0_R1.0.wav"/>
        <position x="-0.9659" y="0.2588" z="0.5000" id="107" path="/home/jd/filename_D165.0_H500.0_R1.0.wav"/>
        <position x="-1.0000" y="0.0000" z="0.5000" id="108" path="/home/jd/filename_D180.0_H500.0_R1.0.wav"/>
        <position x="-0.9659" y="-0.2588" z="0.5000" id="109" path="/home/jd/filename_D195.0_H500.0_R1.0.wav"/>
        <position x="-0.8660" y="-0.5000" z="0.5000" id="110" path="/home/jd/filename_D210.0_H500.0_R1.0.wav"/>
        <position x="-0.7071" y="-0.7071" z="0.5000" id="111" path="/home/jd/filename_D225.0_H500.0_R1.0.wav"/>
        <position x="-0.5000" y="-0.8660" z="0.5000" id="112" path="/home/jd/filename_D240.0_H500.0_R1.0.wav"/>
        <position x="-0.2588" y="-0.9659" z="0.5000" id="113" path="/home/jd/filename_D255.0_H500.0_R1.0.wav"/>
        <position x="0.0000" y="-1.0000" z="0.5000" id="114" path="/home/jd/filename_D270.0_H500.0_R1.0.wav"/>
        <position x="0.2588" y="-0.9659" z="0.5000" id="115" path="/home/jd/filename_D285.0_H500.0_R1.0.wav"/>
        <position x="0.5000" y="-0.8660" z="0.5000" id="116" path="/home/jd/filename_D300.0_H500.0_R1.0.wav"/>
        <position x="0.7071" y="-0.7071" z="0.5000" id="117" path="/home/jd/filename_D315.0_H500.0_R1.0.wav"/>
        <position x="0.8660" y="-0.5000" z="0.5000" id="118" path="/home/jd/filename_D330.0_H500.0_R1.0.wav"/>
        <position x="0.9659" y="-0.2588" z="0.5000" id="119" path="/home/jd/filename_D345.0_H500.0_R1.0.wav"/>
        <position x="1.0000" y="0.0000" z="1.0000" id="120" path="/home/jd/filename_D0.0_H1000.0_R1.0.wav"/>
        <position x="0.9659" y="0.2588" z="1.0000" id="121" path="/home/jd/filename_D15.0_H1000.0_R1.0.wav"/>
        <position x="0.8660" y="0.5000" z="1.0000" id="122" path="/home/jd/filename_D30.0_H1000.0_R1.0.wav"/>
        <position x="0.7071" y="0.7071" z="1.0000" id="123" path="/home/jd/filename_D45.0_H1000.0_R1.0.wav"/>
        <position x="0.5000" y="0.8660" z="1.0000" id="124" path="/home/jd/filename_D60.0_H1000.0_R1.0.wav"/>
        <position x="0.2588" y="0.9659" z="1.0000" id="125" path="/home/jd/filename_D75.0_H1000.0_R1.0.wav"/>
        <position x="0.0000" y="1.0000" z="1.0000" id="126" path="/home/jd/filename_D90.0_H1000.0_R1.0.wav"/>
        <position x="-0.2588" y="0.9659" z="1.0000" id="127" path="/home/jd/filename_D105.0_H1000.0_R1.0.wav"/>
        <position x="-0.5000" y="0.8660" z="1.0000" id="128" path="/home/jd/filename_D120.0_H1000.0_R1.0.wav"/>
        <position x="-0.7071" y="0.7071" z="1.0000" id="129" path="/home/jd/filename_D135.0_H1000.0_R1.0.wav"/>
        <position x="-0.8660" y="0.5000" z="1.0000" id="130" path="/home/jd/filename_D150.0_H1000.0_R1.0.wav"/>
        <position x="-0.9659" y="0.2588" z="1.0000" id="131" path="/home/jd/filename_D165.0_H1000.0_R1.0.wav"/>
        <position x="-1.0000" y="0.0000" z="1.0000" id="132" path="/home/jd/filename_D180.0_H1000.0_R1.0.wav"/>
        <position x="-0.9659" y="-0.2588" z="1.0000" id="133" path="/home/jd/filename_D195.0_H1000.0_R1.0.wav"/>
        <position x="-0.8660" y="-0.5000" z="1.0000" id="134" path="/home/jd/filename_D210.0_H1000.0_R1.0.wav"/>
        <position x="-0.7071" y="-0.7071" z="1.0000" id="135" path="/home/jd/filename_D225.0_H1000.0_R1.0.wav"/>
        <position x="-0.5000" y="-0.8660" z="1.0000" id="136" path="/home/jd/filename_D240.0_H1000.0_R1.0.wav"/>
        <position x="-0.2588" y="-0.9659" z="1.0000" id="137" path="/home/jd/filename_D255.0_H1000.0_R1.0.wav"/>
        <position x="0.0000" y="-1.0000" z="1.0000" id="138" path="/home/jd/filename_D270.0_H1000.0_R1.0.wav"/>
        <position x="0.2588" y="-0.9659" z="1.0000" id="139" path="/home/jd/filename_D285.0_H1000.0_R1.0.wav"/>
        <position x="0.5000" y="-0.8660" z="1.0000" id="140" path="/home/jd/filename_D300.0_H1000.0_R1.0.wav"/>
        <position x="0.7071" y="-0.7071" z="1.0000" id="141" path="/home/jd/filename_D315.0_H1000.0_R1.0.wav"/>
        <position x="0.8660" y="-0.5000" z="1.0000" id="142" path="/home/jd/filename_D330.0_H1000.0_R1.0.wav"/>
        <position x="0.9659" y="-0.2588" z="1.0000" id="143" path="/home/jd/filename_D345.0_H1000.0_R1.0.wav"/>
        <position x="1.5000" y="0.0000" z="0.0000" id="144" path="/home/jd/filename_D0.0_H0.0_R1.5.wav"/>
        <position x="1.4489" y="0.3882" z="0.0000" id="145" path="/home/jd/filename_D15.0_H0.0_R1.5.wav"/>
        <position x="1.2990" y="0.7500" z="0.0000" id="146" path="/home/jd/filename_D30.0_H0.0_R1.5.wav"/>
        <position x="1.0607" y="1.0607" z="0.0000" id="147" path="/home/jd/filename_D45.0_H0.0_R1.5.wav"/>
        <position x="0.7500" y="1.2990" z="0.0000" id="148" path="/home/jd/filename_D60.0_H0.0_R1.5.wav"/>
        <position x="0.3882" y="1.4489" z="0.0000" id="149" path="/home/jd/filename_D75.0_H0.0_R1.5.wav"/>
        <position x="0.0000" y="1.5000" z="0.0000" id="150" path="/home/jd/filename_D90.0_H0.0_R1.5.wav"/>
        <position x="-0.3882" y="1.4489" z="0.0000" id="151" path="/home/jd/filename_D105.0_H0.0_R1.5.wav"/>
        <position x="-0.7500" y="1.2990" z="0.0000" id="152" path="/home/jd/filename_D120.0_H0.0_R1.5.wav"/>
        <position x="-1.0607" y="1.0607" z="0.0000" id="153" path="/home/jd/filename_D135.0_H0.0_R1.5.wav"/>
        <position x="-1.2990" y="0.7500" z="0.0000" id="154" path="/home/jd/filename_D150.0_H0.0_R1.5.wav"/>
        <position x="-1.4489" y="0.3882" z="0.0000" id="155" path="/home/jd/filename_D165.0_H0.0_R1.5.wav"/>
        <position x="-1.5000" y="0.0000" z="0.0000" id="156" path="/home/jd/filename_D180.0_H0.0_R1.5.wav"/>
        <position x="-1.4489" y="-0.3882" z="0.0000" id="157" path="/home/jd/filename_D195.0_H0.0_R1.5.wav"/>
        <position x="-1.2990" y="-0.7500" z="0.0000" id="158" path="/home/jd/filename_D210.0_H0.0_R1.5.wav"/>
        <position x="-1.0607" y="-1.0607" z="0.0000" id="159" path="/home/jd/filename_D225.0_H0.0_R1.5.wav"/>
        <position x="-0.7500" y="-1.2990" z="0.0000" id="160" path="/home/jd/filename_D240.0_H0.0_R1.5.wav"/>
        <position x="-0.3882" y="-1.4489" z="0.0000" id="161" path="/home/jd/filename_D255.0_H0.0_R1.5.wav"/>
        <position x="0.0000" y="-1.5000" z="0.0000" id="162" path="/home/jd/filename_D270.0_H0.0_R1.5.wav"/>
        <position x="0.3882" y="-1.4489" z="0.0000" id="163" path="/home/jd/filename_D285.0_H0.0_R1.5.wav"/>
        <position x="0.7500" y="-1.2990" z="0.0000" id="164" path="/home/jd/filename_D300.0_H0.0_R1.5.wav"/>
        <position x="1.0607" y="-1.0607" z="0.0000" id="165" path="/home/jd/filename_D315.0_H0.0_R1.5.wav"/>
        <position x="1.2990" y="-0.7500" z="0.0000" id="166" path="/home/jd/filename_D330.0_H0.0_R1.5.wav"/>
        <position x="1.4489" y="-0.3882" z="0.0000" id="167" path="/home/jd/filename_D345.0_H0.0_R1.5.wav"/>
        <position x="1.5000" y="0.0000" z="0.5000" id="168" path="/home/jd/filename_D0.0_H500.0_R1.5.wav"/>
        <position x="1.4489" y="0.3882" z="0.5000" id="169" path="/home/jd/filename_D15.0_H500.0_R1.5.wav"/>
        <position x="1.2990" y="0.7500" z="0.5000" id="170" path="/home/jd/filename_D30.0_H500.0_R1.5.wav"/>
        <position x="1.0607" y="1.0607" z="0.5000" id="171" path="/home/jd/filename_D45.0_H500.0_R1.5.wav"/>
        <position x="0.7500" y="1.2990" z="0.5000" id="172" path="/home/jd/filename_D60.0_H500.0_R1.5.wav"/>
        <position x="0.3882" y="1.4489" z="0.5000" id="173" path="/home/jd/filename_D75.0_H500.0_R1.5.wav"/>
        <position x="0.0000" y="1.5000" z="0.5000" id="174" path="/home/jd/filename_D90.0_H500.0_R1.5.wav"/>
        <position x="-0.3882" y="1.4489" z="0.5000" id="175" path="/home/jd/filename_D105.0_H500.0_R1.5.wav"/>
        <position x="-0.7500" y="1.2990" z="0.5000" id="176" path="/home/jd/filename_D120.0_H500.0_R1.5.wav"/>
        <position x="-1.0607" y="1.0607" z="0.5000" id="177" path="/home/jd/filename_D135.0_H500.0_R1.5.wav"/>
        <position x="-1.2990" y="0.7500" z="0.5000" id="178" path="/home/jd/filename_D150.0_H500.0_R1.5.wav"/>
        <position x="-1.4489" y="0.3882" z="0.5000" id="179" path="/home/jd/filename_D165.0_H500.0_R1.5.wav"/>
        <position x="-1.5000" y="0.0000" z="0.5000" id="180" path="/home/jd/filename_D180.0_H500.0_R1.5.wav"/>
        <position x="-1.4489" y="-0.3882" z="0.5000" id="181" path="/home/jd/filename_D195.0_H500.0_R1.5.wav"/>
        <position x="-1.2990" y="-0.7500" z="0.5000" id="182" path="/home/jd/filename_D210.0_H500.0_R1.5.wav"/>
        <position x="-1.0607" y="-1.0607" z="0.5000" id="183" path="/home/jd/filename_D225.0_H500.0_R1.5.wav"/>
        <position x="-0.7500" y="-1.2990" z="0.5000" id="184" path="/home/jd/filename_D240.0_H500.0_R1.5.wav"/>
        <position x="-0.3882" y="-1.4489" z="0.5000" id="185" path="/home/jd/filename_D255.0_H500.0_R1.5.wav"/>
        <position x="0.0000" y="-1.5000" z="0.5000" id="186" path="/home/jd/filename_D270.0_H500.0_R1.5.wav"/>
        <position x="0.3882" y="-1.4489" z="0.5000" id="187" path="/home/jd/filename_D285.0_H500.0_R1.5.wav"/>
        <position x="0.7500" y="-1.2990" z="0.5000" id="188" path="/home/jd/filename_D300.0_H500.0_R1.5.wav"/>
        <position x="1.0607" y="-1.0607" z="0.5000" id="189" path="/home/jd/filename_D315.0_H500.0_R1.5.wav"/>
        <position x="1.2990" y="-0.7500" z="0.5000" id="190" path="/home/jd/filename_D330.0_H500.0_R1.5.wav"/>
        <position x="1.4489" y="-0.3882" z="0.5000" id="191" path="/home/jd/filename_D345.0_H500.0_R1.5.wav"/>
        <position x="1.5000" y="0.0000" z="1.0000" id="192" path="/home/jd/filename_D0.0_H1000.0_R1.5.wav"/>
        <position x="1.4489" y="0.3882" z="1.0000" id="193" path="/home/jd/filename_D15.0_H1000.0_R1.5.wav"/>
        <position x="1.2990" y="0.7500" z="1.0000" id="194" path="/home/jd/filename_D30.0_H1000.0_R1.5.wav"/>
        <position x="1.0607" y="1.0607" z="1.0000" id="195" path="/home/jd/filename_D45.0_H1000.0_R1.5.wav"/>
        <position x="0.7500" y="1.2990" z="1.0000" id="196" path="/home/jd/filename_D60.0_H1000.0_R1.5.wav"/>
        <position x="0.3882" y="1.4489" z="1.0000" id="197" path="/home/jd/filename_D75.0_H1000.0_R1.5.wav"/>
        <position x="0.0000" y="1.5000" z="1.0000" id="198" path="/home/jd/filename_D90.0_H1000.0_R1.5.wav"/>
        <position x="-0.3882" y="1.4489" z="1.0000" id="199" path="/home/jd/filename_D105.0_H1000.0_R1.5.wav"/>
        <position x="-0.7500" y="1.2990" z="1.0000" id="200" path="/home/jd/filename_D120.0_H1000.0_R1.5.wav"/>
        <position x="-1.0607" y="1.0607" z="1.0000" id="201" path="/home/jd/filename_D135.0_H1000.0_R1.5.wav"/>
        <position x="-1.2990" y="0.7500" z="1.0000" id="202" path="/home/jd/filename_D150.0_H1000.0_R1.5.wav"/>
        <position x="-1.4489" y="0.3882" z="1.0000" id="203" path="/home/jd/filename_D165.0_H1000.0_R1.5.wav"/>
        <position x="-1.5000" y="0.0000" z="1.0000" id="204" path="/home/jd/filename_D180.0_H1000.0_R1.5.wav"/>
        <position x="-1.4489" y="-0.3882" z="1.0000" id="205" path="/home/jd/filename_D195.0_H1000.0_R1.5.wav"/>
        <position x="-1.2990" y="-0.7500" z="1.0000" id="206" path="/home/jd/filename_D210.0_H1000.0_R1.5.wav"/>
        <position x="-1.0607" y="-1.0607" z="1.0000" id="207" path="/home/jd/filename_D225.0_H1000.0_R1.5.wav"/>
        <position x="-0.7500" y="-1.2990" z="1.0000" id="208" path="/home/jd/filename_D240.0_H1000.0_R1.5.wav"/>
        <position x="-0.3882" y="-1.4489" z="1.0000" id="209" path="/home/jd/filename_D255.0_H1000.0_R1.5.wav"/>
        <position x="0.0000" y="-1.5000" z="1.0000" id="210" path="/home/jd/filename_D270.0_H1000.0_R1.5.wav"/>
        <position x="0.3882" y="-1.4489" z="1.0000" id="211" path="/home/jd/filename_D285.0_H1000.0_R1.5.wav"/>
        <position x="0.7500" y="-1.2990" z="1.0000" id="212" path="/home/jd/filename_D300.0_H1000.0_R1.5.wav"/>
        <position x="1.0607" y="-1.0607" z="1.0000" id="213" path="/home/jd/filename_D315.0_H1000.0_R1.5.wav"/>
        <position x="1.2990" y="-0.7500" z="1.0000" id="214" path="/home/jd/filename_D330.0_H1000.0_R1.5.wav"/>
        <position x="1.4489" y="-0.3882" z="1.0000" id="215" path="/home/jd/filename_D345.0_H1000.0_R1.5.wav"/>
        <position x="2.0000" y="0.0000" z="0.0000" id="216" path="/home/jd/filename_D0.0_H0.0_R2.0.wav"/>
        <position x="1.9319" y="0.5176" z="0.0000" id="217" path="/home/jd/filename_D15.0_H0.0_R2.0.wav"/>
        <position x="1.7321" y="1.0000" z="0.0000" id="218" path="/home/jd/filename_D30.0_H0.0_R2.0.wav"/>
        <position x="1.4142" y="1.4142" z="0.0000" id="219" path="/home/jd/filename_D45.0_H0.0_R2.0.wav"/>
        <position x="1.0000" y="1.7321" z="0.0000" id="220" path="/home/jd/filename_D60.0_H0.0_R2.0.wav"/>
        <position x="0.5176" y="1.9319" z="0.0000" id="221" path="/home/jd/filename_D75.0_H0.0_R2.0.wav"/>
        <position x="0.0000" y="2.0000" z="0.0000" id="222" path="/home/jd/filename_D90.0_H0.0_R2.0.wav"/>
        <position x="-0.5176" y="1.9319" z="0.0000" id="223" path="/home/jd/filename_D105.0_H0.0_R2.0.wav"/>
        <position x="-1.0000" y="1.7321" z="0.0000" id="224" path="/home/jd/filename_D120.0_H0.0_R2.0.wav"/>
        <position x="-1.4142" y="1.4142" z="0.0000" id="225" path="/home/jd/filename_D135.0_H0.0_R2.0.wav"/>
        <position x="-1.7321" y="1.0000" z="0.0000" id="226" path="/home/jd/filename_D150.0_H0.0_R2.0.wav"/>
        <position x="-1.9319" y="0.5176" z="0.0000" id="227" path="/home/jd/filename_D165.0_H0.0_R2.0.wav"/>
        <position x="-2.0000" y="0.0000" z="0.0000" id="228" path="/home/jd/filename_D180.0_H0.0_R2.0.wav"/>
        <position x="-1.9319" y="-0.5176" z="0.0000" id="229" path="/home/jd/filename_D195.0_H0.0_R2.0.wav"/>
        <position x="-1.7321" y="-1.0000" z="0.0000" id="230" path="/home/jd/filename_D210.0_H0.0_R2.0.wav"/>
        <position x="-1.4142" y="-1.4142" z="0.0000" id="231" path="/home/jd/filename_D225.0_H0.0_R2.0.wav"/>
        <position x="-1.0000" y="-1.7321" z="0.0000" id="232" path="/home/jd/filename_D240.0_H0.0_R2.0.wav"/>
        <position x="-0.5176" y="-1.9319" z="0.0000" id="233" path="/home/jd/filename_D255.0_H0.0_R2.0.wav"/>
        <position x="0.0000" y="-2.0000" z="0.0000" id="234" path="/home/jd/filename_D270.0_H0.0_R2.0.wav"/>
        <position x="0.5176" y="-1.9319" z="0.0000" id="235" path="/home/jd/filename_D285.0_H0.0_R2.0.wav"/>
        <position x="1.0000" y="-1.7321" z="0.0000" id="236" path="/home/jd/filename_D300.0_H0.0_R2.0.wav"/>
        <position x="1.4142" y="-1.4142" z="0.0000" id="237" path="/home/jd/filename_D315.0_H0.0_R2.0.wav"/>
        <position x="1.7321" y="-1.0000" z="0.0000" id="238" path="/home/jd/filename_D330.0_H0.0_R2.0.wav"/>
        <position x="1.9319" y="-0.5176" z="0.0000" id="239" path="/home/jd/filename_D345.0_H0.0_R2.0.wav"/>
        <position x="2.0000" y="0.0000" z="0.5000" id="240" path="/home/jd/filename_D0.0_H500.0_R2.0.wav"/>
        <position x="1.9319" y="0.5176" z="0.5000" id="241" path="/home/jd/filename_D15.0_H500.0_R2.0.wav"/>
        <position x="1.7321" y="1.0000" z="0.5000" id="242" path="/home/jd/filename_D30.0_H500.0_R2.0.wav"/>
        <position x="1.4142" y="1.4142" z="0.5000" id="243" path="/home/jd/filename_D45.0_H500.0_R2.0.wav"/>
        <position x="1.0000" y="1.7321" z="0.5000" id="244" path="/home/jd/filename_D60.0_H500.0_R2.0.wav"/>
        <position x="0.5176" y="1.9319" z="0.5000" id="245" path="/home/jd/filename_D75.0_H500.0_R2.0.wav"/>
        <position x="0.0000" y="2.0000" z="0.5000" id="246" path="/home/jd/filename_D90.0_H500.0_R2.0.wav"/>
        <position x="-0.5176" y="1.9319" z="0.5000" id="247" path="/home/jd/filename_D105.0_H500.0_R2.0.wav"/>
        <position x="-1.0000" y="1.7321" z="0.5000" id="248" path="/home/jd/filename_D120.0_H500.0_R2.0.wav"/>
        <position x="-1.4142" y="1.4142" z="0.5000" id="249" path="/home/jd/filename_D135.0_H500.0_R2.0.wav"/>
        <position x="-1.7321" y="1.0000" z="0.5000" id="250" path="/home/jd/filename_D150.0_H500.0_R2.0.wav"/>
        <position x="-1.9319" y="0.5176" z="0.5000" id="251" path="/home/jd/filename_D165.0_H500.0_R2.0.wav"/>
        <position x="-2.0000" y="0.0000" z="0.5000" id="252" path="/home/jd/filename_D180.0_H500.0_R2.0.wav"/>
        <position x="-1.9319" y="-0.5176" z="0.5000" id="253" path="/home/jd/filename_D195.0_H500.0_R2.0.wav"/>
        <position x="-1.7321" y="-1.0000" z="0.5000" id="254" path="/home/jd/filename_D210.0_H500.0_R2.0.wav"/>
        <position x="-1.4142" y="-1.4142" z="0.5000" id="255" path="/home/jd/filename_D225.0_H500.0_R2.0.wav"/>
        <position x="-1.0000" y="-1.7321" z="0.5000" id="256" path="/home/jd/filename_D240.0_H500.0_R2.0.wav"/>
        <position x="-0.5176" y="-1.9319" z="0.5000" id="257" path="/home/jd/filename_D255.0_H500.0_R2.0.wav"/>
        <position x="0.0000" y="-2.0000" z="0.5000" id="258" path="/home/jd/filename_D270.0_H500.0_R2.0.wav"/>
        <position x="0.5176" y="-1.9319" z="0.5000" id="259" path="/home/jd/filename_D285.0_H500.0_R2.0.wav"/>
        <position x="1.0000" y="-1.7321" z="0.5000" id="260" path="/home/jd/filename_D300.0_H500.0_R2.0.wav"/>
        <position x="1.4142" y="-1.4142" z="0.5000" id="261" path="/home/jd/filename_D315.0_H500.0_R2.0.wav"/>
        <position x="1.7321" y="-1.0000" z="0.5000" id="262" path="/home/jd/filename_D330.0_H500.0_R2.0.wav"/>
        <position x="1.9319" y="-0.5176" z="0.5000" id="263" path="/home/jd/filename_D345.0_H500.0_R2.0.wav"/>
        <position x="2.0000" y="0.0000" z="1.0000" id="264" path="/home/jd/filename_D0.0_H1000.0_R2.0.wav"/>
        <position x="1.9319" y="0.5176" z="1.0000" id="265" path="/home/jd/filename_D15.0_H1000.0_R2.0.wav"/>
        <position x="1.7321" y="1.0000" z="1.0000" id="266" path="/home/jd/filename_D30.0_H1000.0_R2.0.wav"/>
        <position x="1.4142" y="1.4142" z="1.0000" id="267" path="/home/jd/filename_D45.0_H1000.0_R2.0.wav"/>
        <position x="1.0000" y="1.7321" z="1.0000" id="268" path="/home/jd/filename_D60.0_H1000.0_R2.0.wav"/>
        <position x="0.5176" y="1.9319" z="1.0000" id="269" path="/home/jd/filename_D75.0_H1000.0_R2.0.wav"/>
        <position x="0.0000" y="2.0000" z="1.0000" id="270" path="/home/jd/filename_D90.0_H1000.0_R2.0.wav"/>
        <position x="-0.5176" y="1.9319" z="1.0000" id="271" path="/home/jd/filename_D105.0_H1000.0_R2.0.wav"/>
        <position x="-1.0000" y="1.7321" z="1.0000" id="272" path="/home/jd/filename_D120.0_H1000.0_R2.0.wav"/>
        <position x="-1.4142" y="1.4142" z="1.0000" id="273" path="/home/jd/filename_D135.0_H1000.0_R2.0.wav"/>
        <position x="-1.7321" y="1.0000" z="1.0000" id="274" path="/home/jd/filename_D150.0_H1000.0_R2.0.wav"/>
        <position x="-1.9319" y="0.5176" z="1.0000" id="275" path="/home/jd/filename_D165.0_H1000.0_R2.0.wav"/>
        <position x="-2.0000" y="0.0000" z="1.0000" id="276" path="/home/jd/filename_D180.0_H1000.0_R2.0.wav"/>
        <position x="-1.9319" y="-0.5176" z="1.0000" id="277" path="/home/jd/filename_D195.0_H1000.0_R2.0.wav"/>
        <position x="-1.7321" y="-1.0000" z="1.0000" id="278" path="/home/jd/filename_D210.0_H1000.0_R2.0.wav"/>
        <position x="-1.4142" y="-1.4142" z="1.0000" id="279" path="/home/jd/filename_D225.0_H1000.0_R2.0.wav"/>
        <position x="-1.0000" y="-1.7321" z="1.0000" id="280" path="/home/jd/filename_D240.0_H1000.0_R2.0.wav"/>
        <position x="-0.5176" y="-1.9319" z="1.0000" id="281" path="/home/jd/filename_D255.0_H1000.0_R2.0.wav"/>
        <position x="0.0000" y="-2.0000" z="1.0000" id="282" path="/home/jd/filename_D270.0_H1000.0_R2.0.wav"/>
        <position x="0.5176" y="-1.9319" z="1.0000" id="283" path="/home/jd/filename_D285.0_H1000.0_R2.0.wav"/>
        <position x="1.0000" y="-1.7321" z="1.0000" id="284" path="/home/jd/filename_D300.0_H1000.0_R2.0.wav"/>
        <position x="1.4142" y="-1.4142" z="1.0000" id="285" path="/home/jd/filename_D315.0_H1000.0_R2.0.wav"/>
        <position x="1.7321" y="-1.0000" z="1.0000" id="286" path="/home/jd/filename_D330.0_H1000.0_R2.0.wav"/>
        <position x="1.9319" y="-0.5176" z="1.0000" id="287" path="/home/jd/filename_D345.0_H1000.0_R2.0.wav"/>
        <position x="2.5000" y="0.0000" z="0.0000" id="288" path="/home/jd/filename_D0.0_H0.0_R2.5.wav"/>
        <position x="2.4148" y="0.6470" z="0.0000" id="289" path="/home/jd/filename_D15.0_H0.0_R2.5.wav"/>
        <position x="2.1651" y="1.2500" z="0.0000" id="290" path="/home/jd/filename_D30.0_H0.0_R2.5.wav"/>
        <position x="1.7678" y="1.7678" z="0.0000" id="291" path="/home/jd/filename_D45.0_H0.0_R2.5.wav"/>
        <position x="1.2500" y="2.1651" z="0.0000" id="292" path="/home/jd/filename_D60.0_H0.0_R2.5.wav"/>
        <position x="0.6470" y="2.4148" z="0.0000" id="293" path="/home/jd/filename_D75.0_H0.0_R2.5.wav"/>
        <position x="0.0000" y="2.5000" z="0.0000" id="294" path="/home/jd/filename_D90.0_H0.0_R2.5.wav"/>
        <position x="-0.6470" y="2.4148" z="0.0000" id="295" path="/home/jd/filename_D105.0_H0.0_R2.5.wav"/>
        <position x="-1.2500" y="2.1651" z="0.0000" id="296" path="/home/jd/filename_D120.0_H0.0_R2.5.wav"/>
        <position x="-1.7678" y="1.7678" z="0.0000" id="297" path="/home/jd/filename_D135.0_H0.0_R2.5.wav"/>
        <position x="-2.1651" y="1.2500" z="0.0000" id="298" path="/home/jd/filename_D150.0_H0.0_R2.5.wav"/>
        <position x="-2.4148" y="0.6470" z="0.0000" id="299" path="/home/jd/filename_D165.0_H0.0_R2.5.wav"/>
        <position x="-2.5000" y="0.0000" z="0.0000" id="300" path="/home/jd/filename_D180.0_H0.0_R2.5.wav"/>
        <position x="-2.4148" y="-0.6470" z="0.0000" id="301" path="/home/jd/filename_D195.0_H0.0_R2.5.wav"/>
        <position x="-2.1651" y="-1.2500" z="0.0000" id="302" path="/home/jd/filename_D210.0_H0.0_R2.5.wav"/>
        <position x="-1.7678" y="-1.7678" z="0.0000" id="303" path="/home/jd/filename_D225.0_H0.0_R2.5.wav"/>
        <position x="-1.2500" y="-2.1651" z="0.0000" id="304" path="/home/jd/filename_D240.0_H0.0_R2.5.wav"/>
        <position x="-0.6470" y="-2.4148" z="0.0000" id="305" path="/home/jd/filename_D255.0_H0.0_R2.5.wav"/>
        <position x="0.0000" y="-2.5000" z="0.0000" id="306" path="/home/jd/filename_D270.0_H0.0_R2.5.wav"/>
        <position x="0.6470" y="-2.4148" z="0.0000" id="307" path="/home/jd/filename_D285.0_H0.0_R2.5.wav"/>
        <position x="1.2500" y="-2.1651" z="0.0000" id="308" path="/home/jd/filename_D300.0_H0.0_R2.5.wav"/>
        <position x="1.7678" y="-1.7678" z="0.0000" id="309" path="/home/jd/filename_D315.0_H0.0_R2.5.wav"/>
        <position x="2.1651" y="-1.2500" z="0.0000" id="310" path="/home/jd/filename_D330.0_H0.0_R2.5.wav"/>
        <position x="2.4148" y="-0.6470" z="0.0000" id="311" path="/home/jd/filename_D345.0_H0.0_R2.5.wav"/>
        <position x="2.5000" y="0.0000" z="0.5000" id="312" path="/home/jd/filename_D0.0_H500.0_R2.5.wav"/>
        <position x="2.4148" y="0.6470" z="0.5000" id="313" path="/home/jd/filename_D15.0_H500.0_R2.5.wav"/>
        <position x="2.1651" y="1.2500" z="0.5000" id="314" path="/home/jd/filename_D30.0_H500.0_R2.5.wav"/>
        <position x="1.7678" y="1.7678" z="0.5000" id="315" path="/home/jd/filename_D45.0_H500.0_R2.5.wav"/>
        <position x="1.2500" y="2.1651" z="0.5000" id="316" path="/home/jd/filename_D60.0_H500.0_R2.5.wav"/>
        <position x="0.6470" y="2.4148" z="0.5000" id="317" path="/home/jd/filename_D75.0_H500.0_R2.5.wav"/>
        <position x="0.0000" y="2.5000" z="0.5000" id="318" path="/home/jd/filename_D90.0_H500.0_R2.5.wav"/>
        <position x="-0.6470" y="2.4148" z="0.5000" id="319" path="/home/jd/filename_D105.0_H500.0_R2.5.wav"/>
        <position x="-1.2500" y="2.1651" z="0.5000" id="320" path="/home/jd/filename_D120.0_H500.0_R2.5.wav"/>
        <position x="-1.7678" y="1.7678" z="0.5000" id="321" path="/home/jd/filename_D135.0_H500.0_R2.5.wav"/>
        <position x="-2.1651" y="1.2500" z="0.5000" id="322" path="/home/jd/filename_D150.0_H500.0_R2.5.wav"/>
        <position x="-2.4148" y="0.6470" z="0.5000" id="323" path="/home/jd/filename_D165.0_H500.0_R2.5.wav"/>
        <position x="-2.5000" y="0.0000" z="0.5000" id="324" path="/home/jd/filename_D180.0_H500.0_R2.5.wav"/>
        <position x="-2.4148" y="-0.6470" z="0.5000" id="325" path="/home/jd/filename_D195.0_H500.0_R2.5.wav"/>
        <position x="-2.1651" y="-1.2500" z="0.5000" id="326" path="/home/jd/filename_D210.0_H500.0_R2.5.wav"/>
        <position x="-1.7678" y="-1.7678" z="0.5000" id="327" path="/home/jd/filename_D225.0_H500.0_R2.5.wav"/>
        <position x="-1.2500" y="-2.1651" z="0.5000" id="328" path="/home/jd/filename_D240.0_H500.0_R2.5.wav"/>
        <position x="-0.6470" y="-2.4148" z="0.5000" id="329" path="/home/jd/filename_D255.0_H500.0_R2.5.wav"/>
        <position x="0.0000" y="-2.5000" z="0.5000" id="330" path="/home/jd/filename_D270.0_H500.0_R2.5.wav"/>
        <position x="0.6470" y="-2.4148" z="0.5000" id="331" path="/home/jd/filename_D285.0_H500.0_R2.5.wav"/>
        <position x="1.2500" y="-2.1651" z="0.5000" id="332" path="/home/jd/filename_D300.0_H500.0_R2.5.wav"/>
        <position x="1.7678" y="-1.7678" z="0.5000" id="333" path="/home/jd/filename_D315.0_H500.0_R2.5.wav"/>
        <position x="2.1651" y="-1.2500" z="0.5000" id="334" path="/home/jd/filename_D330.0_H500.0_R2.5.wav"/>
        <position x="2.4148" y="-0.6470" z="0.5000" id="335" path="/home/jd/filename_D345.0_H500.0_R2.5.wav"/>
        <position x="2.5000" y="0.0000" z="1.0000" id="336" path="/home/jd/filename_D0.0_H1000.0_R2.5.wav"/>
        <position x="2.4148" y="0.6470" z="1.0000" id="337" path="/home/jd/filename_D15.0_H1000.0_R2.5.wav"/>
        <position x="2.1651" y="1.2500" z="1.0000" id="338" path="/home/jd/filename_D30.0_H1000.0_R2.5.wav"/>
        <position x="1.7678" y="1.7678" z="1.0000" id="339" path="/home/jd/filename_D45.0_H1000.0_R2.5.wav"/>
        <position x="1.2500" y="2.1651" z="1.0000" id="340" path="/home/jd/filename_D60.0_H1000.0_R2.5.wav"/>
        <position x="0.6470" y="2.4148" z="1.0000" id="341" path="/home/jd/filename_D75.0_H1000.0_R2.5.wav"/>
        <position x="0.0000" y="2.5000" z="1.0000" id="342" path="/home/jd/filename_D90.0_H1000.0_R2.5.wav"/>
        <position x="-0.6470" y="2.4148" z="1.0000" id="343" path="/home/jd/filename_D105.0_H1000.0_R2.5.wav"/>
        <position x="-1.2500" y="2.1651" z="1.0000" id="344" path="/home/jd/filename_D120.0_H1000.0_R2.5.wav"/>
        <position x="-1.7678" y="1.7678" z="1.0000" id="345" path="/home/jd/filename_D135.0_H1000.0_R2.5.wav"/>
        <position x="-2.1651" y="1.2500" z="1.0000" id="346" path="/home/jd/filename_D150.0_H1000.0_R2.5.wav"/>
        <position x="-2.4148" y="0.6470" z="1.0000" id="347" path="/home/jd/filename_D165.0_H1000.0_R2.5.wav"/>
        <position x="-2.5000" y="0.0000" z="1.0000" id="348" path="/home/jd/filename_D180.0_H1000.0_R2.5.wav"/>
        <position x="-2.4148" y="-0.6470" z="1.0000" id="349" path="/home/jd/filename_D195.0_H1000.0_R2.5.wav"/>
        <position x="-2.1651" y="-1.2500" z="1.0000" id="350" path="/home/jd/filename_D210.0_H1000.0_R2.5.wav"/>
        <position x="-1.7678" y="-1.7678" z="1.0000" id="351" path="/home/jd/filename_D225.0_H1000.0_R2.5.wav"/>
        <position x="-1.2500" y="-2.1651" z="1.0000" id="352" path="/home/jd/filename_D240.0_H1000.0_R2.5.wav"/>
        <position x="-0.6470" y="-2.4148" z="1.0000" id="353" path="/home/jd/filename_D255.0_H1000.0_R2.5.wav"/>
        <position x="0.0000" y="-2.5000" z="1.0000" id="354" path="/home/jd/filename_D270.0_H1000.0_R2.5.wav"/>
        <position x="0.6470" y="-2.4148" z="1.0000" id="355" path="/home/jd/filename_D285.0_H1000.0_R2.5.wav"/>
        <position x="1.2500" y="-2.1651" z="1.0000" id="356" path="/home/jd/filename_D300.0_H1000.0_R2.5.wav"/>
        <position x="1.7678" y="-1.7678" z="1.0000" id="357" path="/home/jd/filename_D315.0_H1000.0_R2.5.wav"/>
        <position x="2.1651" y="-1.2500" z="1.0000" id="358" path="/home/jd/filename_D330.0_H1000.0_R2.5.wav"/>
        <position x="2.4148" y="-0.6470" z="1.0000" id="359" path="/home/jd/filename_D345.0_H1000.0_R2.5.wav"/>
    </positions>
    <neighbors algorithm="NearestNeighbor">
        <neighbor id="0" ids="0;1;23;"/>
        <neighbor id="1" ids="1;0;2;"/>
        <neighbor id="2" ids="2;3;1;"/>
        <neighbor id="3" ids="3;2;4;"/>
        <neighbor id="4" ids="4;3;5;"/>
        <neighbor id="5" ids="5;6;4;"/>
        <neighbor id="6" ids="6;5;7;"/>
        <neighbor id="7" ids="7;6;8;"/>
        <neighbor id="8" ids="8;9;7;"/>
        <neighbor id="9" ids="9;8;10;"/>
        <neighbor id="10" ids="10;9;11;"/>
        <neighbor id="11" ids="11;12;10;"/>
        <neighbor id="12" ids="12;11;13;"/>
        <neighbor id="13" ids="13;12;14;"/>
        <neighbor id="14" ids="14;15;13;"/>
        <neighbor id="15" ids="15;14;16;"/>
        <neighbor id="16" ids="16;15;17;"/>
        <neighbor id="17" ids="17;18;16;"/>
        <neighbor id="18" ids="18;17;19;"/>
        <neighbor id="19" ids="19;18;20;"/>
        <neighbor id="20" ids="20;21;19;"/>
        <neighbor id="21" ids="21;20;22;"/>
        <neighbor id="22" ids="22;21;23;"/>
        <neighbor id="23" ids="23;0;22;"/>
        <neighbor id="24" ids="24;25;47;"/>
        <neighbor id="25" ids="25;24;26;"/>
        <neighbor id="26" ids="26;27;25;"/>
        <neighbor id="27" ids="27;26;28;"/>
        <neighbor id="28" ids="28;27;29;"/>
        <neighbor id="29" ids="29;30;28;"/>
        <neighbor id="30" ids="30;29;31;"/>
        <neighbor id="31" ids="31;30;32;"/>
        <neighbor id="32" ids="32;33;31;"/>
        <neighbor id="33" ids="33;32;34;"/>
        <neighbor id="34" ids="34;33;35;"/>
        <neighbor id="35" ids="35;36;34;"/>
        <neighbor id="36" ids="36;35;37;"/>
        <neighbor id="37" ids="37;36;38;"/>
        <neighbor id="38" ids="38;39;37;"/>
        <neighbor id="39" ids="39;38;40;"/>
        <neighbor id="40" ids="40;39;41;"/>
        <neighbor id="41" ids="41;42;40;"/>
        <neighbor id="42" ids="42;41;43;"/>
        <neighbor id="43" ids="43;42;44;"/>
        <neighbor id="44" ids="44;45;43;"/>
        <neighbor id="45" ids="45;44;46;"/>
        <neighbor id="46" ids="46;45;47;"/>
        <neighbor id="47" ids="47;24;46;"/>
        <neighbor id="48" ids="48;49;71;"/>
        <neighbor id="49" ids="49;48;50;"/>
        <neighbor id="50" ids="50;51;49;"/>
        <neighbor id="51" ids="51;50;52;"/>
        <neighbor id="52" ids="52;51;53;"/>
        <neighbor id="53" ids="53;54;52;"/>
        <neighbor id="54" ids="54;53;55;"/>
        <neighbor id="55" ids="55;54;56;"/>
        <neighbor id="56" ids="56;57;55;"/>
        <neighbor id="57" ids="57;56;58;"/>
        <neighbor id="58" ids="58;57;59;"/>
        <neighbor id="59" ids="59;60;58;"/>
        <neighbor id="60" ids="60;59;61;"/>
        <neighbor id="61" ids="61;60;62;"/>
        <neighbor id="62" ids="62;63;61;"/>
        <neighbor id="63" ids="63;62;64;"/>
        <neighbor id="64" ids="64;63;65;"/>
        <neighbor id="65" ids="65;66;64;"/>
        <neighbor id="66" ids="66;65;67;"/>
        <neighbor id="67" ids="67;66;68;"/>
        <neighbor id="68" ids="68;69;67;"/>
        <neighbor id="69" ids="69;68;70;"/>
        <neighbor id="70" ids="70;69;71;"/>
        <neighbor id="71" ids="71;48;70;"/>
        <neighbor id="72" ids="72;73;95;"/>
        <neighbor id="73" ids="73;72;74;"/>
        <neighbor id="74" ids="74;75;73;"/>
        <neighbor id="75" ids="75;74;76;"/>
        <neighbor id="76" ids="76;75;77;"/>
        <neighbor id="77" ids="77;78;76;"/>
        <neighbor id="78" ids="78;77;79;"/>
        <neighbor id="79" ids="79;78;80;"/>
        <neighbor id="80" ids="80;81;79;"/>
        <neighbor id="81" ids="81;82;80;"/>
        <neighbor id="82" ids="82;81;83;"/>
        <neighbor id="83" ids="83;84;82;"/>
        <neighbor id="84" ids="84;83;85;"/>
        <neighbor id="85" ids="85;84;86;"/>
        <neighbor id="86" ids="86;87;85;"/>
        <neighbor id="87" ids="87;86;88;"/>
        <neighbor id="88" ids="88;87;89;"/>
        <neighbor id="89" ids="89;90;88;"/>
        <neighbor id="90" ids="90;89;91;"/>
        <neighbor id="91" ids="91;90;92;"/>
        <neighbor id="92" ids="92;93;91;"/>
        <neighbor id="93" ids="93;94;92;"/>
        <neighbor id="94" ids="94;93;95;"/>
        <neighbor id="95" ids="95;72;94;"/>
        <neighbor id="96" ids="96;97;119;"/>
        <neighbor id="97" ids="97;96;98;"/>
        <neighbor id="98" ids="98;99;97;"/>
        <neighbor id="99" ids="99;98;100;"/>
        <neighbor id="100" ids="100;99;101;"/>
        <neighbor id="101" ids="101;102;100;"/>
        <neighbor id="102" ids="102;101;103;"/>
        <neighbor id="103" ids="103;102;104;"/>
        <neighbor id="104" ids="104;105;103;"/>
        <neighbor id="105" ids="105;106;104;"/>
        <neighbor id="106" ids="106;105;107;"/>
        <neighbor id="107" ids="107;108;106;"/>
        <neighbor id="108" ids="108;107;109;"/>
        <neighbor id="109" ids="109;108;110;"/>
        <neighbor id="110" ids="110;111;109;"/>
        <neighbor id="111" ids="111;110;112;"/>
        <neighbor id="112" ids="112;111;113;"/>
        <neighbor id="113" ids="113;114;112;"/>
        <neighbor id="114" ids="114;113;115;"/>
        <neighbor id="115" ids="115;114;116;"/>
        <neighbor id="116" ids="116;117;115;"/>
        <neighbor id="117" ids="117;118;116;"/>
        <neighbor id="118" ids="118;117;119;"/>
        <neighbor id="119" ids="119;96;118;"/>
        <neighbor id="120" ids="120;121;143;"/>
        <neighbor id="121" ids="121;120;122;"/>
        <neighbor id="122" ids="122;123;121;"/>
        <neighbor id="123" ids="123;122;124;"/>
        <neighbor id="124" ids="124;123;125;"/>
        <neighbor id="125" ids="125;126;124;"/>
        <neighbor id="126" ids="126;125;127;"/>
        <neighbor id="127" ids="127;126;128;"/>
        <neighbor id="128" ids="128;129;127;"/>
        <neighbor id="129" ids="129;130;128;"/>
        <neighbor id="130" ids="130;129;131;"/>
        <neighbor id="131" ids="131;132;130;"/>
        <neighbor id="132" ids="132;131;133;"/>
        <neighbor id="133" ids="133;132;134;"/>
        <neighbor id="134" ids="134;135;133;"/>
        <neighbor id="135" ids="135;134;136;"/>
        <neighbor id="136" ids="136;135;137;"/>
        <neighbor id="137" ids="137;138;136;"/>
        <neighbor id="138" ids="138;137;139;"/>
        <neighbor id="139" ids="139;138;140;"/>
        <neighbor id="140" ids="140;141;139;"/>
        <neighbor id="141" ids="141;142;140;"/>
        <neighbor id="142" ids="142;141;143;"/>
        <neighbor id="143" ids="143;120;142;"/>
        <neighbor id="144" ids="144;145;167;"/>
        <neighbor id="145" ids="145;144;146;"/>
        <neighbor id="146" ids="146;147;145;"/>
        <neighbor id="147" ids="147;146;148;"/>
        <neighbor id="148" ids="148;147;149;"/>
        <neighbor id="149" ids="149;150;148;"/>
        <neighbor id="150" ids="150;149;151;"/>
        <neighbor id="151" ids="151;150;152;"/>
        <neighbor id="152" ids="152;153;151;"/>
        <neighbor id="153" ids="153;152;154;"/>
        <neighbor id="154" ids="154;153;155;"/>
        <neighbor id="155" ids="155;156;154;"/>
        <neighbor id="156" ids="156;155;157;"/>
        <neighbor id="157" ids="157;156;158;"/>
        <neighbor id="158" ids="158;159;157;"/>
        <neighbor id="159" ids="159;158;160;"/>
        <neighbor id="160" ids="160;159;161;"/>
        <neighbor id="161" ids="161;162;160;"/>
        <neighbor id="162" ids="162;161;163;"/>
        <neighbor id="163" ids="163;162;164;"/>
        <neighbor id="164" ids="164;165;163;"/>
        <neighbor id="165" ids="165;164;166;"/>
        <neighbor id="166" ids="166;165;167;"/>
        <neighbor id="167" ids="167;144;166;"/>
        <neighbor id="168" ids="168;169;191;"/>
        <neighbor id="169" ids="169;168;170;"/>
        <neighbor id="170" ids="170;171;169;"/>
        <neighbor id="171" ids="171;170;172;"/>
        <neighbor id="172" ids="172;171;173;"/>
        <neighbor id="173" ids="173;174;172;"/>
        <neighbor id="174" ids="174;173;175;"/>
        <neighbor id="175" ids="175;174;176;"/>
        <neighbor id="176" ids="176;177;175;"/>
        <neighbor id="177" ids="177;176;178;"/>
        <neighbor id="178" ids="178;177;179;"/>
        <neighbor id="179" ids="179;180;178;"/>
        <neighbor id="180" ids="180;179;181;"/>
        <neighbor id="181" ids="181;180;182;"/>
        <neighbor id="182" ids="182;183;181;"/>
        <neighbor id="183" ids="183;182;184;"/>
        <neighbor id="184" ids="184;183;185;"/>
        <neighbor id="185" ids="185;186;184;"/>
        <neighbor id="186" ids="186;185;187;"/>
        <neighbor id="187" ids="187;186;188;"/>
        <neighbor id="188" ids="188;189;187;"/>
        <neighbor id="189" ids="189;188;190;"/>
        <neighbor id="190" ids="190;189;191;"/>
        <neighbor id="191" ids="191;168;190;"/>
        <neighbor id="192" ids="192;193;215;"/>
        <neighbor id="193" ids="193;192;194;"/>
        <neighbor id="194" ids="194;195;193;"/>
        <neighbor id="195" ids="195;194;196;"/>
        <neighbor id="196" ids="196;195;197;"/>
        <neighbor id="197" ids="197;198;196;"/>
        <neighbor id="198" ids="198;197;199;"/>
        <neighbor id="199" ids="199;198;200;"/>
        <neighbor id="200" ids="200;201;199;"/>
        <neighbor id="201" ids="201;200;202;"/>
        <neighbor id="202" ids="202;201;203;"/>
        <neighbor id="203" ids="203;204;202;"/>
        <neighbor id="204" ids="204;203;205;"/>
        <neighbor id="205" ids="205;204;206;"/>
        <neighbor id="206" ids="206;207;205;"/>
        <neighbor id="207" ids="207;206;208;"/>
        <neighbor id="208" ids="208;207;209;"/>
        <neighbor id="209" ids="209;210;208;"/>
        <neighbor id="210" ids="210;209;211;"/>
        <neighbor id="211" ids="211;210;212;"/>
        <neighbor id="212" ids="212;213;211;"/>
        <neighbor id="213" ids="213;212;214;"/>
        <neighbor id="214" ids="214;213;215;"/>
        <neighbor id="215" ids="215;192;214;"/>
        <neighbor id="216" ids="216;144;240;"/>
        <neighbor id="217" ids="217;289;241;"/>
        <neighbor id="218" ids="218;290;242;"/>
        <neighbor id="219" ids="219;147;243;"/>
        <neighbor id="220" ids="220;292;244;"/>
        <neighbor id="221" ids="221;293;245;"/>
        <neighbor id="222" ids="222;150;246;"/>
        <neighbor id="223" ids="223;295;247;"/>
        <neighbor id="224" ids="224;296;248;"/>
        <neighbor id="225" ids="225;153;249;"/>
        <neighbor id="226" ids="226;298;250;"/>
        <neighbor id="227" ids="227;299;251;"/>
        <neighbor id="228" ids="228;156;252;"/>
        <neighbor id="229" ids="229;301;253;"/>
        <neighbor id="230" ids="230;302;254;"/>
        <neighbor id="231" ids="231;159;255;"/>
        <neighbor id="232" ids="232;304;256;"/>
        <neighbor id="233" ids="233;305;257;"/>
        <neighbor id="234" ids="234;162;258;"/>
        <neighbor id="235" ids="235;307;259;"/>
        <neighbor id="236" ids="236;308;260;"/>
        <neighbor id="237" ids="237;165;261;"/>
        <neighbor id="238" ids="238;310;262;"/>
        <neighbor id="239" ids="239;311;263;"/>
        <neighbor id="240" ids="240;168;216;"/>
        <neighbor id="241" ids="241;313;217;"/>
        <neighbor id="242" ids="242;314;218;"/>
        <neighbor id="243" ids="243;171;219;"/>
        <neighbor id="244" ids="244;316;220;"/>
        <neighbor id="245" ids="245;317;221;"/>
        <neighbor id="246" ids="246;174;222;"/>
        <neighbor id="247" ids="247;319;223;"/>
        <neighbor id="248" ids="248;320;224;"/>
        <neighbor id="249" ids="249;177;225;"/>
        <neighbor id="250" ids="250;322;226;"/>
        <neighbor id="251" ids="251;323;227;"/>
        <neighbor id="252" ids="252;180;228;"/>
        <neighbor id="253" ids="253;325;229;"/>
        <neighbor id="254" ids="254;326;230;"/>
        <neighbor id="255" ids="255;183;231;"/>
        <neighbor id="256" ids="256;328;232;"/>
        <neighbor id="257" ids="257;329;233;"/>
        <neighbor id="258" ids="258;186;234;"/>
        <neighbor id="259" ids="259;331;235;"/>
        <neighbor id="260" ids="260;332;236;"/>
        <neighbor id="261" ids="261;189;237;"/>
        <neighbor id="262" ids="262;334;238;"/>
        <neighbor id="263" ids="263;335;239;"/>
        <neighbor id="264" ids="264;192;240;"/>
        <neighbor id="265" ids="265;337;241;"/>
        <neighbor id="266" ids="266;338;242;"/>
        <neighbor id="267" ids="267;195;243;"/>
        <neighbor id="268" ids="268;340;244;"/>
        <neighbor id="269" ids="269;341;245;"/>
        <neighbor id="270" ids="270;198;246;"/>
        <neighbor id="271" ids="271;343;247;"/>
        <neighbor id="272" ids="272;344;248;"/>
        <neighbor id="273" ids="273;201;249;"/>
        <neighbor id="274" ids="274;346;250;"/>
        <neighbor id="275" ids="275;347;251;"/>
        <neighbor id="276" ids="276;204;252;"/>
        <neighbor id="277" ids="277;349;253;"/>
        <neighbor id="278" ids="278;350;254;"/>
        <neighbor id="279" ids="279;207;255;"/>
        <neighbor id="280" ids="280;352;256;"/>
        <neighbor id="281" ids="281;353;257;"/>
        <neighbor id="282" ids="282;210;258;"/>
        <neighbor id="283" ids="283;355;259;"/>
        <neighbor id="284" ids="284;356;260;"/>
        <neighbor id="285" ids="285;213;261;"/>
        <neighbor id="286" ids="286;358;262;"/>
        <neighbor id="287" ids="287;359;263;"/>
        <neighbor id="288" ids="288;216;312;"/>
        <neighbor id="289" ids="289;217;313;"/>
        <neighbor id="290" ids="290;218;314;"/>
        <neighbor id="291" ids="291;315;"/>
        <neighbor id="292" ids="292;220;316;"/>
        <neighbor id="293" ids="293;221;317;"/>
        <neighbor id="294" ids="294;222;318;"/>
        <neighbor id="295" ids="295;223;319;"/>
        <neighbor id="296" ids="296;224;320;"/>
        <neighbor id="297" ids="297;321;"/>
        <neighbor id="298" ids="298;226;322;"/>
        <neighbor id="299" ids="299;227;323;"/>
        <neighbor id="300" ids="300;228;324;"/>
        <neighbor id="301" ids="301;229;325;"/>
        <neighbor id="302" ids="302;230;326;"/>
        <neighbor id="303" ids="303;327;"/>
        <neighbor id="304" ids="304;232;328;"/>
        <neighbor id="305" ids="305;233;329;"/>
        <neighbor id="306" ids="306;234;330;"/>
        <neighbor id="307" ids="307;235;331;"/>
        <neighbor id="308" ids="308;236;332;"/>
        <neighbor id="309" ids="309;333;"/>
        <neighbor id="310" ids="310;238;334;"/>
        <neighbor id="311" ids="311;239;335;"/>
        <neighbor id="312" ids="312;240;288;"/>
        <neighbor id="313" ids="313;241;289;"/>
        <neighbor id="314" ids="314;242;290;"/>
        <neighbor id="315" ids="315;291;339;"/>
        <neighbor id="316" ids="316;244;292;"/>
        <neighbor id="317" ids="317;245;293;"/>
        <neighbor id="318" ids="318;246;294;"/>
        <neighbor id="319" ids="319;247;295;"/>
        <neighbor id="320" ids="320;248;296;"/>
        <neighbor id="321" ids="321;297;345;"/>
        <neighbor id="322" ids="322;250;298;"/>
        <neighbor id="323" ids="323;251;299;"/>
        <neighbor id="324" ids="324;252;300;"/>
        <neighbor id="325" ids="325;253;301;"/>
        <neighbor id="326" ids="326;254;302;"/>
        <neighbor id="327" ids="327;303;351;"/>
        <neighbor id="328" ids="328;256;304;"/>
        <neighbor id="329" ids="329;257;305;"/>
        <neighbor id="330" ids="330;258;306;"/>
        <neighbor id="331" ids="331;259;307;"/>
        <neighbor id="332" ids="332;260;308;"/>
        <neighbor id="333" ids="333;309;357;"/>
        <neighbor id="334" ids="334;262;310;"/>
        <neighbor id="335" ids="335;263;311;"/>
        <neighbor id="336" ids="336;264;312;"/>
        <neighbor id="337" ids="337;265;313;"/>
        <neighbor id="338" ids="338;266;314;"/>
        <neighbor id="339" ids="339;315;"/>
        <neighbor id="340" ids="340;268;316;"/>
        <neighbor id="341" ids="341;269;317;"/>
        <neighbor id="342" ids="342;270;318;"/>
        <neighbor id="343" ids="343;271;319;"/>
        <neighbor id="344" ids="344;272;320;"/>
        <neighbor id="345" ids="345;321;"/>
        <neighbor id="346" ids="346;274;322;"/>
        <neighbor id="347" ids="347;275;323;"/>
        <neighbor id="348" ids="348;276;324;"/>
        <neighbor id="349" ids="349;277;325;"/>
        <neighbor id="350" ids="350;278;326;"/>
        <neighbor id="351" ids="351;327;"/>
        <neighbor id="352" ids="352;280;328;"/>
        <neighbor id="353" ids="353;281;329;"/>
        <neighbor id="354" ids="354;282;330;"/>
        <neighbor id="355" ids="355;283;331;"/>
        <neighbor id="356" ids="356;284;332;"/>
        <neighbor id="357" ids="357;333;"/>
        <neighbor id="358" ids="358;286;334;"/>
        <neighbor id="359" ids="359;287;335;"/>
    </neighbors>
</hark_xml>
