<hark_xml version="1.3">
    <positions type="microphone" coordinate="cartesian">
        <position x="0.0000" y="0.0000" z="0.0000" id="0" path=""/>
        <position x="0.0400" y="0.0000" z="0.0000" id="1" path=""/>
        <position x="0.0200" y="-0.0346" z="0.0000" id="2" path=""/>
        <position x="-0.0200" y="-0.0346" z="0.0000" id="3" path=""/>
        <position x="-0.0400" y="0.0000" z="0.0000" id="4" path=""/>
        <position x="-0.0200" y="0.0346" z="0.0000" id="5" path=""/>
        <position x="0.0200" y="0.0346" z="0.0000" id="6" path=""/>
        <position x="0.0000" y="0.0000" z="0.0000" id="7" path=""/>
    </positions>
</hark_xml>
